ball_x,ball_y,ball_vx,ball_vy,paddle_direction,paddle_y,Ball.RADIUS,Paddle.L,Paddle.STEP,WIDTH,HEIGHT,BORDER,VELOCITY,FPS
770,200,-12,-2,0,200,10,80,20,800,400,20,12,30
770,200,-12,-2,0,200,10,80,20,800,400,20,12,30
758,198,-12,-2,0,200,10,80,20,800,400,20,12,30
746,196,-12,-2,0,200,10,80,20,800,400,20,12,30
734,194,-12,-2,0,200,10,80,20,800,400,20,12,30
722,192,-12,-2,0,200,10,80,20,800,400,20,12,30
710,190,-12,-2,0,200,10,80,20,800,400,20,12,30
698,188,-12,-2,0,200,10,80,20,800,400,20,12,30
686,186,-12,-2,0,200,10,80,20,800,400,20,12,30
674,184,-12,-2,0,200,10,80,20,800,400,20,12,30
662,182,-12,-2,0,200,10,80,20,800,400,20,12,30
650,180,-12,-2,0,200,10,80,20,800,400,20,12,30
638,178,-12,-2,0,200,10,80,20,800,400,20,12,30
626,176,-12,-2,0,200,10,80,20,800,400,20,12,30
614,174,-12,-2,0,200,10,80,20,800,400,20,12,30
602,172,-12,-2,0,200,10,80,20,800,400,20,12,30
590,170,-12,-2,0,200,10,80,20,800,400,20,12,30
578,168,-12,-2,0,200,10,80,20,800,400,20,12,30
566,166,-12,-2,0,200,10,80,20,800,400,20,12,30
554,164,-12,-2,0,200,10,80,20,800,400,20,12,30
542,162,-12,-2,0,200,10,80,20,800,400,20,12,30
530,160,-12,-2,0,200,10,80,20,800,400,20,12,30
518,158,-12,-2,0,200,10,80,20,800,400,20,12,30
506,156,-12,-2,0,200,10,80,20,800,400,20,12,30
494,154,-12,-2,0,200,10,80,20,800,400,20,12,30
482,152,-12,-2,0,200,10,80,20,800,400,20,12,30
470,150,-12,-2,0,200,10,80,20,800,400,20,12,30
458,148,-12,-2,0,200,10,80,20,800,400,20,12,30
446,146,-12,-2,0,200,10,80,20,800,400,20,12,30
434,144,-12,-2,0,200,10,80,20,800,400,20,12,30
422,142,-12,-2,0,200,10,80,20,800,400,20,12,30
410,140,-12,-2,0,200,10,80,20,800,400,20,12,30
398,138,-12,-2,0,200,10,80,20,800,400,20,12,30
386,136,-12,-2,0,200,10,80,20,800,400,20,12,30
374,134,-12,-2,0,200,10,80,20,800,400,20,12,30
362,132,-12,-2,0,200,10,80,20,800,400,20,12,30
350,130,-12,-2,0,200,10,80,20,800,400,20,12,30
338,128,-12,-2,0,200,10,80,20,800,400,20,12,30
326,126,-12,-2,0,200,10,80,20,800,400,20,12,30
314,124,-12,-2,0,200,10,80,20,800,400,20,12,30
302,122,-12,-2,0,200,10,80,20,800,400,20,12,30
290,120,-12,-2,0,200,10,80,20,800,400,20,12,30
278,118,-12,-2,0,200,10,80,20,800,400,20,12,30
266,116,-12,-2,0,200,10,80,20,800,400,20,12,30
254,114,-12,-2,1,200,10,80,20,800,400,20,12,30
242,112,-12,-2,0,220,10,80,20,800,400,20,12,30
230,110,-12,-2,0,220,10,80,20,800,400,20,12,30
218,108,-12,-2,0,220,10,80,20,800,400,20,12,30
206,106,-12,-2,0,220,10,80,20,800,400,20,12,30
194,104,-12,-2,0,220,10,80,20,800,400,20,12,30
182,102,-12,-2,0,220,10,80,20,800,400,20,12,30
170,100,-12,-2,0,220,10,80,20,800,400,20,12,30
158,98,-12,-2,0,220,10,80,20,800,400,20,12,30
146,96,-12,-2,0,220,10,80,20,800,400,20,12,30
134,94,-12,-2,0,220,10,80,20,800,400,20,12,30
122,92,-12,-2,0,220,10,80,20,800,400,20,12,30
110,90,-12,-2,0,220,10,80,20,800,400,20,12,30
98,88,-12,-2,0,220,10,80,20,800,400,20,12,30
86,86,-12,-2,0,220,10,80,20,800,400,20,12,30
74,84,-12,-2,0,220,10,80,20,800,400,20,12,30
62,82,-12,-2,0,220,10,80,20,800,400,20,12,30
50,80,-12,-2,0,220,10,80,20,800,400,20,12,30
38,78,-12,-2,0,220,10,80,20,800,400,20,12,30
50,76,12,-2,0,220,10,80,20,800,400,20,12,30
62,74,12,-2,0,220,10,80,20,800,400,20,12,30
74,72,12,-2,0,220,10,80,20,800,400,20,12,30
86,70,12,-2,0,220,10,80,20,800,400,20,12,30
98,68,12,-2,0,220,10,80,20,800,400,20,12,30
110,66,12,-2,0,220,10,80,20,800,400,20,12,30
122,64,12,-2,0,220,10,80,20,800,400,20,12,30
134,62,12,-2,0,220,10,80,20,800,400,20,12,30
146,60,12,-2,0,220,10,80,20,800,400,20,12,30
158,58,12,-2,0,220,10,80,20,800,400,20,12,30
170,56,12,-2,0,220,10,80,20,800,400,20,12,30
182,54,12,-2,0,220,10,80,20,800,400,20,12,30
194,52,12,-2,0,220,10,80,20,800,400,20,12,30
206,50,12,-2,0,220,10,80,20,800,400,20,12,30
218,48,12,-2,0,220,10,80,20,800,400,20,12,30
230,46,12,-2,-1,220,10,80,20,800,400,20,12,30
242,44,12,-2,0,200,10,80,20,800,400,20,12,30
254,42,12,-2,0,200,10,80,20,800,400,20,12,30
266,40,12,-2,0,200,10,80,20,800,400,20,12,30
278,38,12,-2,0,200,10,80,20,800,400,20,12,30
290,36,12,-2,0,200,10,80,20,800,400,20,12,30
302,34,12,-2,-1,200,10,80,20,800,400,20,12,30
314,32,12,-2,0,180,10,80,20,800,400,20,12,30
326,30,12,-2,0,180,10,80,20,800,400,20,12,30
338,32,12,2,0,180,10,80,20,800,400,20,12,30
350,34,12,2,0,180,10,80,20,800,400,20,12,30
362,36,12,2,0,180,10,80,20,800,400,20,12,30
374,38,12,2,0,180,10,80,20,800,400,20,12,30
386,40,12,2,0,180,10,80,20,800,400,20,12,30
398,42,12,2,0,180,10,80,20,800,400,20,12,30
410,44,12,2,0,180,10,80,20,800,400,20,12,30
422,46,12,2,0,180,10,80,20,800,400,20,12,30
434,48,12,2,0,180,10,80,20,800,400,20,12,30
446,50,12,2,0,180,10,80,20,800,400,20,12,30
458,52,12,2,0,180,10,80,20,800,400,20,12,30
470,54,12,2,0,180,10,80,20,800,400,20,12,30
482,56,12,2,0,180,10,80,20,800,400,20,12,30
494,58,12,2,0,180,10,80,20,800,400,20,12,30
506,60,12,2,-1,180,10,80,20,800,400,20,12,30
518,62,12,2,0,160,10,80,20,800,400,20,12,30
530,64,12,2,0,160,10,80,20,800,400,20,12,30
542,66,12,2,0,160,10,80,20,800,400,20,12,30
554,68,12,2,0,160,10,80,20,800,400,20,12,30
566,70,12,2,-1,160,10,80,20,800,400,20,12,30
578,72,12,2,0,140,10,80,20,800,400,20,12,30
590,74,12,2,0,140,10,80,20,800,400,20,12,30
602,76,12,2,0,140,10,80,20,800,400,20,12,30
614,78,12,2,-1,140,10,80,20,800,400,20,12,30
626,80,12,2,0,120,10,80,20,800,400,20,12,30
638,82,12,2,0,120,10,80,20,800,400,20,12,30
650,84,12,2,0,120,10,80,20,800,400,20,12,30
662,86,12,2,0,120,10,80,20,800,400,20,12,30
674,88,12,2,0,120,10,80,20,800,400,20,12,30
686,90,12,2,0,120,10,80,20,800,400,20,12,30
698,92,12,2,0,120,10,80,20,800,400,20,12,30
710,94,12,2,0,120,10,80,20,800,400,20,12,30
722,96,12,2,0,120,10,80,20,800,400,20,12,30
734,98,12,2,0,120,10,80,20,800,400,20,12,30
746,100,12,2,0,120,10,80,20,800,400,20,12,30
758,102,12,2,0,120,10,80,20,800,400,20,12,30
770,104,12,2,0,120,10,80,20,800,400,20,12,30
758,106,-12,2,0,120,10,80,20,800,400,20,12,30
746,108,-12,2,-1,120,10,80,20,800,400,20,12,30
734,110,-12,2,0,100,10,80,20,800,400,20,12,30
722,112,-12,2,0,100,10,80,20,800,400,20,12,30
710,114,-12,2,0,100,10,80,20,800,400,20,12,30
698,116,-12,2,0,100,10,80,20,800,400,20,12,30
686,118,-12,2,0,100,10,80,20,800,400,20,12,30
674,120,-12,2,0,100,10,80,20,800,400,20,12,30
662,122,-12,2,0,100,10,80,20,800,400,20,12,30
650,124,-12,2,0,100,10,80,20,800,400,20,12,30
638,126,-12,2,0,100,10,80,20,800,400,20,12,30
626,128,-12,2,0,100,10,80,20,800,400,20,12,30
614,130,-12,2,0,100,10,80,20,800,400,20,12,30
602,132,-12,2,0,100,10,80,20,800,400,20,12,30
590,134,-12,2,0,100,10,80,20,800,400,20,12,30
578,136,-12,2,0,100,10,80,20,800,400,20,12,30
566,138,-12,2,0,100,10,80,20,800,400,20,12,30
554,140,-12,2,0,100,10,80,20,800,400,20,12,30
542,142,-12,2,0,100,10,80,20,800,400,20,12,30
530,144,-12,2,1,100,10,80,20,800,400,20,12,30
518,146,-12,2,0,120,10,80,20,800,400,20,12,30
506,148,-12,2,0,120,10,80,20,800,400,20,12,30
494,150,-12,2,0,120,10,80,20,800,400,20,12,30
482,152,-12,2,0,120,10,80,20,800,400,20,12,30
470,154,-12,2,1,120,10,80,20,800,400,20,12,30
458,156,-12,2,0,140,10,80,20,800,400,20,12,30
446,158,-12,2,0,140,10,80,20,800,400,20,12,30
434,160,-12,2,0,140,10,80,20,800,400,20,12,30
422,162,-12,2,0,140,10,80,20,800,400,20,12,30
410,164,-12,2,1,140,10,80,20,800,400,20,12,30
398,166,-12,2,0,160,10,80,20,800,400,20,12,30
386,168,-12,2,0,160,10,80,20,800,400,20,12,30
374,170,-12,2,0,160,10,80,20,800,400,20,12,30
362,172,-12,2,0,160,10,80,20,800,400,20,12,30
350,174,-12,2,1,160,10,80,20,800,400,20,12,30
338,176,-12,2,0,180,10,80,20,800,400,20,12,30
326,178,-12,2,0,180,10,80,20,800,400,20,12,30
314,180,-12,2,0,180,10,80,20,800,400,20,12,30
302,182,-12,2,0,180,10,80,20,800,400,20,12,30
290,184,-12,2,0,180,10,80,20,800,400,20,12,30
278,186,-12,2,0,180,10,80,20,800,400,20,12,30
266,188,-12,2,1,180,10,80,20,800,400,20,12,30
254,190,-12,2,0,200,10,80,20,800,400,20,12,30
242,192,-12,2,0,200,10,80,20,800,400,20,12,30
230,194,-12,2,0,200,10,80,20,800,400,20,12,30
218,196,-12,2,0,200,10,80,20,800,400,20,12,30
206,198,-12,2,0,200,10,80,20,800,400,20,12,30
194,200,-12,2,0,200,10,80,20,800,400,20,12,30
182,202,-12,2,0,200,10,80,20,800,400,20,12,30
170,204,-12,2,0,200,10,80,20,800,400,20,12,30
158,206,-12,2,0,200,10,80,20,800,400,20,12,30
146,208,-12,2,0,200,10,80,20,800,400,20,12,30
134,210,-12,2,0,200,10,80,20,800,400,20,12,30
122,212,-12,2,0,200,10,80,20,800,400,20,12,30
110,214,-12,2,0,200,10,80,20,800,400,20,12,30
98,216,-12,2,0,200,10,80,20,800,400,20,12,30
86,218,-12,2,0,200,10,80,20,800,400,20,12,30
74,220,-12,2,0,200,10,80,20,800,400,20,12,30
62,222,-12,2,0,200,10,80,20,800,400,20,12,30
50,224,-12,2,0,200,10,80,20,800,400,20,12,30
38,226,-12,2,0,200,10,80,20,800,400,20,12,30
50,228,12,2,0,200,10,80,20,800,400,20,12,30
62,230,12,2,0,200,10,80,20,800,400,20,12,30
74,232,12,2,0,200,10,80,20,800,400,20,12,30
86,234,12,2,0,200,10,80,20,800,400,20,12,30
98,236,12,2,0,200,10,80,20,800,400,20,12,30
110,238,12,2,0,200,10,80,20,800,400,20,12,30
122,240,12,2,0,200,10,80,20,800,400,20,12,30
134,242,12,2,0,200,10,80,20,800,400,20,12,30
146,244,12,2,0,200,10,80,20,800,400,20,12,30
158,246,12,2,0,200,10,80,20,800,400,20,12,30
170,248,12,2,0,200,10,80,20,800,400,20,12,30
182,250,12,2,1,200,10,80,20,800,400,20,12,30
194,252,12,2,0,220,10,80,20,800,400,20,12,30
206,254,12,2,0,220,10,80,20,800,400,20,12,30
218,256,12,2,0,220,10,80,20,800,400,20,12,30
230,258,12,2,0,220,10,80,20,800,400,20,12,30
242,260,12,2,0,220,10,80,20,800,400,20,12,30
254,262,12,2,0,220,10,80,20,800,400,20,12,30
266,264,12,2,1,220,10,80,20,800,400,20,12,30
278,266,12,2,0,240,10,80,20,800,400,20,12,30
290,268,12,2,0,240,10,80,20,800,400,20,12,30
302,270,12,2,0,240,10,80,20,800,400,20,12,30
314,272,12,2,0,240,10,80,20,800,400,20,12,30
326,274,12,2,0,240,10,80,20,800,400,20,12,30
338,276,12,2,0,240,10,80,20,800,400,20,12,30
350,278,12,2,0,240,10,80,20,800,400,20,12,30
362,280,12,2,0,240,10,80,20,800,400,20,12,30
374,282,12,2,0,240,10,80,20,800,400,20,12,30
386,284,12,2,1,240,10,80,20,800,400,20,12,30
398,286,12,2,0,260,10,80,20,800,400,20,12,30
410,288,12,2,0,260,10,80,20,800,400,20,12,30
422,290,12,2,0,260,10,80,20,800,400,20,12,30
434,292,12,2,0,260,10,80,20,800,400,20,12,30
446,294,12,2,0,260,10,80,20,800,400,20,12,30
458,296,12,2,0,260,10,80,20,800,400,20,12,30
470,298,12,2,0,260,10,80,20,800,400,20,12,30
482,300,12,2,1,260,10,80,20,800,400,20,12,30
494,302,12,2,0,280,10,80,20,800,400,20,12,30
506,304,12,2,0,280,10,80,20,800,400,20,12,30
518,306,12,2,0,280,10,80,20,800,400,20,12,30
530,308,12,2,0,280,10,80,20,800,400,20,12,30
542,310,12,2,0,280,10,80,20,800,400,20,12,30
554,312,12,2,0,280,10,80,20,800,400,20,12,30
566,314,12,2,0,280,10,80,20,800,400,20,12,30
578,316,12,2,0,280,10,80,20,800,400,20,12,30
590,318,12,2,1,280,10,80,20,800,400,20,12,30
602,320,12,2,0,300,10,80,20,800,400,20,12,30
614,322,12,2,0,300,10,80,20,800,400,20,12,30
626,324,12,2,0,300,10,80,20,800,400,20,12,30
638,326,12,2,0,300,10,80,20,800,400,20,12,30
650,328,12,2,0,300,10,80,20,800,400,20,12,30
662,330,12,2,1,300,10,80,20,800,400,20,12,30
674,332,12,2,0,320,10,80,20,800,400,20,12,30
686,334,12,2,0,320,10,80,20,800,400,20,12,30
698,336,12,2,0,320,10,80,20,800,400,20,12,30
710,338,12,2,0,320,10,80,20,800,400,20,12,30
722,340,12,2,0,320,10,80,20,800,400,20,12,30
734,342,12,2,1,320,10,80,20,800,400,20,12,30
746,344,12,2,0,340,10,80,20,800,400,20,12,30
758,346,12,2,0,340,10,80,20,800,400,20,12,30
770,348,12,2,0,340,10,80,20,800,400,20,12,30
758,350,-12,2,0,340,10,80,20,800,400,20,12,30
746,352,-12,2,0,340,10,80,20,800,400,20,12,30
734,354,-12,2,0,340,10,80,20,800,400,20,12,30
722,356,-12,2,0,340,10,80,20,800,400,20,12,30
710,358,-12,2,0,340,10,80,20,800,400,20,12,30
698,360,-12,2,0,340,10,80,20,800,400,20,12,30
686,362,-12,2,0,340,10,80,20,800,400,20,12,30
674,364,-12,2,0,340,10,80,20,800,400,20,12,30
662,366,-12,2,0,340,10,80,20,800,400,20,12,30
650,368,-12,2,0,340,10,80,20,800,400,20,12,30
638,370,-12,2,0,340,10,80,20,800,400,20,12,30
626,368,-12,-2,0,340,10,80,20,800,400,20,12,30
614,366,-12,-2,0,340,10,80,20,800,400,20,12,30
602,364,-12,-2,0,340,10,80,20,800,400,20,12,30
590,362,-12,-2,0,340,10,80,20,800,400,20,12,30
578,360,-12,-2,-1,340,10,80,20,800,400,20,12,30
566,358,-12,-2,0,320,10,80,20,800,400,20,12,30
554,356,-12,-2,0,320,10,80,20,800,400,20,12,30
542,354,-12,-2,0,320,10,80,20,800,400,20,12,30
530,352,-12,-2,0,320,10,80,20,800,400,20,12,30
518,350,-12,-2,0,320,10,80,20,800,400,20,12,30
506,348,-12,-2,-1,320,10,80,20,800,400,20,12,30
494,346,-12,-2,0,300,10,80,20,800,400,20,12,30
482,344,-12,-2,0,300,10,80,20,800,400,20,12,30
470,342,-12,-2,0,300,10,80,20,800,400,20,12,30
458,340,-12,-2,0,300,10,80,20,800,400,20,12,30
446,338,-12,-2,0,300,10,80,20,800,400,20,12,30
434,336,-12,-2,-1,300,10,80,20,800,400,20,12,30
422,334,-12,-2,0,280,10,80,20,800,400,20,12,30
410,332,-12,-2,0,280,10,80,20,800,400,20,12,30
398,330,-12,-2,0,280,10,80,20,800,400,20,12,30
386,328,-12,-2,0,280,10,80,20,800,400,20,12,30
374,326,-12,-2,-1,280,10,80,20,800,400,20,12,30
362,324,-12,-2,0,260,10,80,20,800,400,20,12,30
350,322,-12,-2,0,260,10,80,20,800,400,20,12,30
338,320,-12,-2,0,260,10,80,20,800,400,20,12,30
326,318,-12,-2,0,260,10,80,20,800,400,20,12,30
314,316,-12,-2,0,260,10,80,20,800,400,20,12,30
302,314,-12,-2,-1,260,10,80,20,800,400,20,12,30
290,312,-12,-2,0,240,10,80,20,800,400,20,12,30
278,310,-12,-2,0,240,10,80,20,800,400,20,12,30
266,308,-12,-2,0,240,10,80,20,800,400,20,12,30
254,306,-12,-2,0,240,10,80,20,800,400,20,12,30
242,304,-12,-2,0,240,10,80,20,800,400,20,12,30
230,302,-12,-2,0,240,10,80,20,800,400,20,12,30
218,300,-12,-2,0,240,10,80,20,800,400,20,12,30
206,298,-12,-2,0,240,10,80,20,800,400,20,12,30
194,296,-12,-2,0,240,10,80,20,800,400,20,12,30
182,294,-12,-2,0,240,10,80,20,800,400,20,12,30
170,292,-12,-2,-1,240,10,80,20,800,400,20,12,30
158,290,-12,-2,0,220,10,80,20,800,400,20,12,30
146,288,-12,-2,0,220,10,80,20,800,400,20,12,30
134,286,-12,-2,0,220,10,80,20,800,400,20,12,30
122,284,-12,-2,0,220,10,80,20,800,400,20,12,30
110,282,-12,-2,0,220,10,80,20,800,400,20,12,30
98,280,-12,-2,0,220,10,80,20,800,400,20,12,30
86,278,-12,-2,0,220,10,80,20,800,400,20,12,30
74,276,-12,-2,0,220,10,80,20,800,400,20,12,30
62,274,-12,-2,0,220,10,80,20,800,400,20,12,30
50,272,-12,-2,0,220,10,80,20,800,400,20,12,30
38,270,-12,-2,0,220,10,80,20,800,400,20,12,30
50,268,12,-2,-1,220,10,80,20,800,400,20,12,30
62,266,12,-2,0,200,10,80,20,800,400,20,12,30
74,264,12,-2,0,200,10,80,20,800,400,20,12,30
86,262,12,-2,0,200,10,80,20,800,400,20,12,30
98,260,12,-2,0,200,10,80,20,800,400,20,12,30
110,258,12,-2,0,200,10,80,20,800,400,20,12,30
122,256,12,-2,0,200,10,80,20,800,400,20,12,30
134,254,12,-2,0,200,10,80,20,800,400,20,12,30
146,252,12,-2,0,200,10,80,20,800,400,20,12,30
158,250,12,-2,0,200,10,80,20,800,400,20,12,30
170,248,12,-2,0,200,10,80,20,800,400,20,12,30
182,246,12,-2,0,200,10,80,20,800,400,20,12,30
194,244,12,-2,0,200,10,80,20,800,400,20,12,30
206,242,12,-2,0,200,10,80,20,800,400,20,12,30
218,240,12,-2,0,200,10,80,20,800,400,20,12,30
230,238,12,-2,0,200,10,80,20,800,400,20,12,30
242,236,12,-2,0,200,10,80,20,800,400,20,12,30
254,234,12,-2,0,200,10,80,20,800,400,20,12,30
266,232,12,-2,0,200,10,80,20,800,400,20,12,30
278,230,12,-2,0,200,10,80,20,800,400,20,12,30
290,228,12,-2,-1,200,10,80,20,800,400,20,12,30
302,226,12,-2,0,180,10,80,20,800,400,20,12,30
314,224,12,-2,0,180,10,80,20,800,400,20,12,30
326,222,12,-2,0,180,10,80,20,800,400,20,12,30
338,220,12,-2,0,180,10,80,20,800,400,20,12,30
350,218,12,-2,0,180,10,80,20,800,400,20,12,30
362,216,12,-2,0,180,10,80,20,800,400,20,12,30
374,214,12,-2,-1,180,10,80,20,800,400,20,12,30
386,212,12,-2,0,160,10,80,20,800,400,20,12,30
398,210,12,-2,0,160,10,80,20,800,400,20,12,30
410,208,12,-2,0,160,10,80,20,800,400,20,12,30
422,206,12,-2,0,160,10,80,20,800,400,20,12,30
434,204,12,-2,0,160,10,80,20,800,400,20,12,30
446,202,12,-2,0,160,10,80,20,800,400,20,12,30
458,200,12,-2,0,160,10,80,20,800,400,20,12,30
470,198,12,-2,0,160,10,80,20,800,400,20,12,30
482,196,12,-2,0,160,10,80,20,800,400,20,12,30
494,194,12,-2,0,160,10,80,20,800,400,20,12,30
506,192,12,-2,0,160,10,80,20,800,400,20,12,30
518,190,12,-2,0,160,10,80,20,800,400,20,12,30
530,188,12,-2,0,160,10,80,20,800,400,20,12,30
542,186,12,-2,0,160,10,80,20,800,400,20,12,30
554,184,12,-2,0,160,10,80,20,800,400,20,12,30
566,182,12,-2,0,160,10,80,20,800,400,20,12,30
578,180,12,-2,-1,160,10,80,20,800,400,20,12,30
590,178,12,-2,0,140,10,80,20,800,400,20,12,30
602,176,12,-2,0,140,10,80,20,800,400,20,12,30
614,174,12,-2,0,140,10,80,20,800,400,20,12,30
626,172,12,-2,0,140,10,80,20,800,400,20,12,30
638,170,12,-2,0,140,10,80,20,800,400,20,12,30
650,168,12,-2,-1,140,10,80,20,800,400,20,12,30
662,166,12,-2,0,120,10,80,20,800,400,20,12,30
674,164,12,-2,0,120,10,80,20,800,400,20,12,30
686,162,12,-2,0,120,10,80,20,800,400,20,12,30
698,160,12,-2,0,120,10,80,20,800,400,20,12,30
710,158,12,-2,0,120,10,80,20,800,400,20,12,30
722,156,12,-2,0,120,10,80,20,800,400,20,12,30
734,154,12,-2,0,120,10,80,20,800,400,20,12,30
746,152,12,-2,0,120,10,80,20,800,400,20,12,30
758,150,12,-2,0,120,10,80,20,800,400,20,12,30
770,148,12,-2,0,120,10,80,20,800,400,20,12,30
758,146,-12,-2,0,120,10,80,20,800,400,20,12,30
746,144,-12,-2,0,120,10,80,20,800,400,20,12,30
734,142,-12,-2,0,120,10,80,20,800,400,20,12,30
722,140,-12,-2,0,120,10,80,20,800,400,20,12,30
710,138,-12,-2,0,120,10,80,20,800,400,20,12,30
698,136,-12,-2,0,120,10,80,20,800,400,20,12,30
686,134,-12,-2,0,120,10,80,20,800,400,20,12,30
674,132,-12,-2,0,120,10,80,20,800,400,20,12,30
662,130,-12,-2,0,120,10,80,20,800,400,20,12,30
650,128,-12,-2,0,120,10,80,20,800,400,20,12,30
638,126,-12,-2,0,120,10,80,20,800,400,20,12,30
626,124,-12,-2,1,120,10,80,20,800,400,20,12,30
614,122,-12,-2,0,140,10,80,20,800,400,20,12,30
602,120,-12,-2,0,140,10,80,20,800,400,20,12,30
590,118,-12,-2,0,140,10,80,20,800,400,20,12,30
578,116,-12,-2,0,140,10,80,20,800,400,20,12,30
566,114,-12,-2,0,140,10,80,20,800,400,20,12,30
554,112,-12,-2,0,140,10,80,20,800,400,20,12,30
542,110,-12,-2,1,140,10,80,20,800,400,20,12,30
530,108,-12,-2,0,160,10,80,20,800,400,20,12,30
518,106,-12,-2,0,160,10,80,20,800,400,20,12,30
506,104,-12,-2,0,160,10,80,20,800,400,20,12,30
494,102,-12,-2,0,160,10,80,20,800,400,20,12,30
482,100,-12,-2,0,160,10,80,20,800,400,20,12,30
470,98,-12,-2,1,160,10,80,20,800,400,20,12,30
458,96,-12,-2,0,180,10,80,20,800,400,20,12,30
446,94,-12,-2,0,180,10,80,20,800,400,20,12,30
434,92,-12,-2,0,180,10,80,20,800,400,20,12,30
422,90,-12,-2,0,180,10,80,20,800,400,20,12,30
410,88,-12,-2,0,180,10,80,20,800,400,20,12,30
398,86,-12,-2,0,180,10,80,20,800,400,20,12,30
386,84,-12,-2,0,180,10,80,20,800,400,20,12,30
374,82,-12,-2,0,180,10,80,20,800,400,20,12,30
362,80,-12,-2,0,180,10,80,20,800,400,20,12,30
350,78,-12,-2,0,180,10,80,20,800,400,20,12,30
338,76,-12,-2,0,180,10,80,20,800,400,20,12,30
326,74,-12,-2,0,180,10,80,20,800,400,20,12,30
314,72,-12,-2,0,180,10,80,20,800,400,20,12,30
302,70,-12,-2,0,180,10,80,20,800,400,20,12,30
290,68,-12,-2,0,180,10,80,20,800,400,20,12,30
278,66,-12,-2,0,180,10,80,20,800,400,20,12,30
266,64,-12,-2,1,180,10,80,20,800,400,20,12,30
254,62,-12,-2,0,200,10,80,20,800,400,20,12,30
242,60,-12,-2,0,200,10,80,20,800,400,20,12,30
230,58,-12,-2,0,200,10,80,20,800,400,20,12,30
218,56,-12,-2,0,200,10,80,20,800,400,20,12,30
206,54,-12,-2,0,200,10,80,20,800,400,20,12,30
194,52,-12,-2,0,200,10,80,20,800,400,20,12,30
182,50,-12,-2,0,200,10,80,20,800,400,20,12,30
170,48,-12,-2,0,200,10,80,20,800,400,20,12,30
158,46,-12,-2,0,200,10,80,20,800,400,20,12,30
146,44,-12,-2,0,200,10,80,20,800,400,20,12,30
134,42,-12,-2,0,200,10,80,20,800,400,20,12,30
122,40,-12,-2,0,200,10,80,20,800,400,20,12,30
110,38,-12,-2,0,200,10,80,20,800,400,20,12,30
98,36,-12,-2,0,200,10,80,20,800,400,20,12,30
86,34,-12,-2,0,200,10,80,20,800,400,20,12,30
74,32,-12,-2,0,200,10,80,20,800,400,20,12,30
62,30,-12,-2,0,200,10,80,20,800,400,20,12,30
50,32,-12,2,0,200,10,80,20,800,400,20,12,30
38,34,-12,2,0,200,10,80,20,800,400,20,12,30
50,36,12,2,0,200,10,80,20,800,400,20,12,30
62,38,12,2,0,200,10,80,20,800,400,20,12,30
74,40,12,2,0,200,10,80,20,800,400,20,12,30
86,42,12,2,0,200,10,80,20,800,400,20,12,30
98,44,12,2,0,200,10,80,20,800,400,20,12,30
110,46,12,2,0,200,10,80,20,800,400,20,12,30
122,48,12,2,0,200,10,80,20,800,400,20,12,30
134,50,12,2,0,200,10,80,20,800,400,20,12,30
146,52,12,2,0,200,10,80,20,800,400,20,12,30
158,54,12,2,0,200,10,80,20,800,400,20,12,30
170,56,12,2,0,200,10,80,20,800,400,20,12,30
182,58,12,2,0,200,10,80,20,800,400,20,12,30
194,60,12,2,0,200,10,80,20,800,400,20,12,30
206,62,12,2,0,200,10,80,20,800,400,20,12,30
218,64,12,2,0,200,10,80,20,800,400,20,12,30
230,66,12,2,0,200,10,80,20,800,400,20,12,30
242,68,12,2,0,200,10,80,20,800,400,20,12,30
254,70,12,2,0,200,10,80,20,800,400,20,12,30
266,72,12,2,0,200,10,80,20,800,400,20,12,30
278,74,12,2,0,200,10,80,20,800,400,20,12,30
290,76,12,2,0,200,10,80,20,800,400,20,12,30
302,78,12,2,0,200,10,80,20,800,400,20,12,30
314,80,12,2,0,200,10,80,20,800,400,20,12,30
326,82,12,2,0,200,10,80,20,800,400,20,12,30
338,84,12,2,-1,200,10,80,20,800,400,20,12,30
350,86,12,2,0,180,10,80,20,800,400,20,12,30
362,88,12,2,0,180,10,80,20,800,400,20,12,30
374,90,12,2,0,180,10,80,20,800,400,20,12,30
386,92,12,2,0,180,10,80,20,800,400,20,12,30
398,94,12,2,0,180,10,80,20,800,400,20,12,30
410,96,12,2,0,180,10,80,20,800,400,20,12,30
422,98,12,2,0,180,10,80,20,800,400,20,12,30
434,100,12,2,0,180,10,80,20,800,400,20,12,30
446,102,12,2,0,180,10,80,20,800,400,20,12,30
458,104,12,2,0,180,10,80,20,800,400,20,12,30
470,106,12,2,0,180,10,80,20,800,400,20,12,30
482,108,12,2,0,180,10,80,20,800,400,20,12,30
494,110,12,2,0,180,10,80,20,800,400,20,12,30
506,112,12,2,0,180,10,80,20,800,400,20,12,30
518,114,12,2,0,180,10,80,20,800,400,20,12,30
530,116,12,2,0,180,10,80,20,800,400,20,12,30
542,118,12,2,0,180,10,80,20,800,400,20,12,30
554,120,12,2,0,180,10,80,20,800,400,20,12,30
566,122,12,2,0,180,10,80,20,800,400,20,12,30
578,124,12,2,0,180,10,80,20,800,400,20,12,30
590,126,12,2,0,180,10,80,20,800,400,20,12,30
602,128,12,2,0,180,10,80,20,800,400,20,12,30
614,130,12,2,0,180,10,80,20,800,400,20,12,30
626,132,12,2,-1,180,10,80,20,800,400,20,12,30
638,134,12,2,0,160,10,80,20,800,400,20,12,30
650,136,12,2,0,160,10,80,20,800,400,20,12,30
662,138,12,2,0,160,10,80,20,800,400,20,12,30
674,140,12,2,0,160,10,80,20,800,400,20,12,30
686,142,12,2,0,160,10,80,20,800,400,20,12,30
698,144,12,2,0,160,10,80,20,800,400,20,12,30
710,146,12,2,0,160,10,80,20,800,400,20,12,30
722,148,12,2,0,160,10,80,20,800,400,20,12,30
734,150,12,2,0,160,10,80,20,800,400,20,12,30
746,152,12,2,0,160,10,80,20,800,400,20,12,30
758,154,12,2,0,160,10,80,20,800,400,20,12,30
770,156,12,2,0,160,10,80,20,800,400,20,12,30
758,158,-12,2,0,160,10,80,20,800,400,20,12,30
746,160,-12,2,0,160,10,80,20,800,400,20,12,30
734,162,-12,2,0,160,10,80,20,800,400,20,12,30
722,164,-12,2,0,160,10,80,20,800,400,20,12,30
710,166,-12,2,0,160,10,80,20,800,400,20,12,30
698,168,-12,2,0,160,10,80,20,800,400,20,12,30
686,170,-12,2,0,160,10,80,20,800,400,20,12,30
674,172,-12,2,0,160,10,80,20,800,400,20,12,30
662,174,-12,2,0,160,10,80,20,800,400,20,12,30
650,176,-12,2,0,160,10,80,20,800,400,20,12,30
638,178,-12,2,1,160,10,80,20,800,400,20,12,30
626,180,-12,2,0,180,10,80,20,800,400,20,12,30
614,182,-12,2,0,180,10,80,20,800,400,20,12,30
602,184,-12,2,0,180,10,80,20,800,400,20,12,30
590,186,-12,2,0,180,10,80,20,800,400,20,12,30
578,188,-12,2,0,180,10,80,20,800,400,20,12,30
566,190,-12,2,0,180,10,80,20,800,400,20,12,30
554,192,-12,2,1,180,10,80,20,800,400,20,12,30
542,194,-12,2,0,200,10,80,20,800,400,20,12,30
530,196,-12,2,0,200,10,80,20,800,400,20,12,30
518,198,-12,2,0,200,10,80,20,800,400,20,12,30
506,200,-12,2,0,200,10,80,20,800,400,20,12,30
494,202,-12,2,0,200,10,80,20,800,400,20,12,30
482,204,-12,2,1,200,10,80,20,800,400,20,12,30
470,206,-12,2,0,220,10,80,20,800,400,20,12,30
458,208,-12,2,0,220,10,80,20,800,400,20,12,30
446,210,-12,2,0,220,10,80,20,800,400,20,12,30
434,212,-12,2,0,220,10,80,20,800,400,20,12,30
422,214,-12,2,0,220,10,80,20,800,400,20,12,30
410,216,-12,2,0,220,10,80,20,800,400,20,12,30
398,218,-12,2,0,220,10,80,20,800,400,20,12,30
386,220,-12,2,0,220,10,80,20,800,400,20,12,30
374,222,-12,2,0,220,10,80,20,800,400,20,12,30
362,224,-12,2,0,220,10,80,20,800,400,20,12,30
350,226,-12,2,0,220,10,80,20,800,400,20,12,30
338,228,-12,2,-1,220,10,80,20,800,400,20,12,30
326,230,-12,2,0,200,10,80,20,800,400,20,12,30
314,232,-12,2,0,200,10,80,20,800,400,20,12,30
302,234,-12,2,0,200,10,80,20,800,400,20,12,30
290,236,-12,2,0,200,10,80,20,800,400,20,12,30
278,238,-12,2,0,200,10,80,20,800,400,20,12,30
266,240,-12,2,0,200,10,80,20,800,400,20,12,30
254,242,-12,2,0,200,10,80,20,800,400,20,12,30
242,244,-12,2,0,200,10,80,20,800,400,20,12,30
230,246,-12,2,0,200,10,80,20,800,400,20,12,30
218,248,-12,2,0,200,10,80,20,800,400,20,12,30
206,250,-12,2,0,200,10,80,20,800,400,20,12,30
194,252,-12,2,0,200,10,80,20,800,400,20,12,30
182,254,-12,2,0,200,10,80,20,800,400,20,12,30
170,256,-12,2,0,200,10,80,20,800,400,20,12,30
158,258,-12,2,0,200,10,80,20,800,400,20,12,30
146,260,-12,2,0,200,10,80,20,800,400,20,12,30
134,262,-12,2,0,200,10,80,20,800,400,20,12,30
122,264,-12,2,0,200,10,80,20,800,400,20,12,30
110,266,-12,2,0,200,10,80,20,800,400,20,12,30
98,268,-12,2,0,200,10,80,20,800,400,20,12,30
86,270,-12,2,0,200,10,80,20,800,400,20,12,30
74,272,-12,2,0,200,10,80,20,800,400,20,12,30
62,274,-12,2,0,200,10,80,20,800,400,20,12,30
50,276,-12,2,0,200,10,80,20,800,400,20,12,30
38,278,-12,2,0,200,10,80,20,800,400,20,12,30
50,280,12,2,0,200,10,80,20,800,400,20,12,30
62,282,12,2,0,200,10,80,20,800,400,20,12,30
74,284,12,2,0,200,10,80,20,800,400,20,12,30
86,286,12,2,0,200,10,80,20,800,400,20,12,30
98,288,12,2,0,200,10,80,20,800,400,20,12,30
110,290,12,2,0,200,10,80,20,800,400,20,12,30
122,292,12,2,0,200,10,80,20,800,400,20,12,30
134,294,12,2,0,200,10,80,20,800,400,20,12,30
146,296,12,2,0,200,10,80,20,800,400,20,12,30
158,298,12,2,0,200,10,80,20,800,400,20,12,30
170,300,12,2,0,200,10,80,20,800,400,20,12,30
182,302,12,2,0,200,10,80,20,800,400,20,12,30
194,304,12,2,0,200,10,80,20,800,400,20,12,30
206,306,12,2,1,200,10,80,20,800,400,20,12,30
218,308,12,2,0,220,10,80,20,800,400,20,12,30
230,310,12,2,0,220,10,80,20,800,400,20,12,30
242,312,12,2,0,220,10,80,20,800,400,20,12,30
254,314,12,2,0,220,10,80,20,800,400,20,12,30
266,316,12,2,0,220,10,80,20,800,400,20,12,30
278,318,12,2,0,220,10,80,20,800,400,20,12,30
290,320,12,2,0,220,10,80,20,800,400,20,12,30
302,322,12,2,0,220,10,80,20,800,400,20,12,30
314,324,12,2,0,220,10,80,20,800,400,20,12,30
326,326,12,2,1,220,10,80,20,800,400,20,12,30
338,328,12,2,0,240,10,80,20,800,400,20,12,30
350,330,12,2,0,240,10,80,20,800,400,20,12,30
362,332,12,2,0,240,10,80,20,800,400,20,12,30
374,334,12,2,0,240,10,80,20,800,400,20,12,30
386,336,12,2,0,240,10,80,20,800,400,20,12,30
398,338,12,2,0,240,10,80,20,800,400,20,12,30
410,340,12,2,0,240,10,80,20,800,400,20,12,30
422,342,12,2,0,240,10,80,20,800,400,20,12,30
434,344,12,2,0,240,10,80,20,800,400,20,12,30
446,346,12,2,0,240,10,80,20,800,400,20,12,30
458,348,12,2,0,240,10,80,20,800,400,20,12,30
470,350,12,2,0,240,10,80,20,800,400,20,12,30
482,352,12,2,1,240,10,80,20,800,400,20,12,30
494,354,12,2,0,260,10,80,20,800,400,20,12,30
506,356,12,2,0,260,10,80,20,800,400,20,12,30
518,358,12,2,0,260,10,80,20,800,400,20,12,30
530,360,12,2,0,260,10,80,20,800,400,20,12,30
542,362,12,2,0,260,10,80,20,800,400,20,12,30
554,364,12,2,1,260,10,80,20,800,400,20,12,30
566,366,12,2,0,280,10,80,20,800,400,20,12,30
578,368,12,2,0,280,10,80,20,800,400,20,12,30
590,370,12,2,0,280,10,80,20,800,400,20,12,30
602,368,12,-2,0,280,10,80,20,800,400,20,12,30
614,366,12,-2,0,280,10,80,20,800,400,20,12,30
626,364,12,-2,0,280,10,80,20,800,400,20,12,30
638,362,12,-2,1,280,10,80,20,800,400,20,12,30
650,360,12,-2,0,300,10,80,20,800,400,20,12,30
662,358,12,-2,0,300,10,80,20,800,400,20,12,30
674,356,12,-2,0,300,10,80,20,800,400,20,12,30
686,354,12,-2,0,300,10,80,20,800,400,20,12,30
698,352,12,-2,0,300,10,80,20,800,400,20,12,30
710,350,12,-2,0,300,10,80,20,800,400,20,12,30
722,348,12,-2,0,300,10,80,20,800,400,20,12,30
734,346,12,-2,0,300,10,80,20,800,400,20,12,30
746,344,12,-2,0,300,10,80,20,800,400,20,12,30
758,342,12,-2,0,300,10,80,20,800,400,20,12,30
770,340,12,-2,0,300,10,80,20,800,400,20,12,30
758,338,-12,-2,1,300,10,80,20,800,400,20,12,30
746,336,-12,-2,0,320,10,80,20,800,400,20,12,30
734,334,-12,-2,0,320,10,80,20,800,400,20,12,30
722,332,-12,-2,0,320,10,80,20,800,400,20,12,30
710,330,-12,-2,0,320,10,80,20,800,400,20,12,30
698,328,-12,-2,0,320,10,80,20,800,400,20,12,30
686,326,-12,-2,0,320,10,80,20,800,400,20,12,30
674,324,-12,-2,0,320,10,80,20,800,400,20,12,30
662,322,-12,-2,0,320,10,80,20,800,400,20,12,30
650,320,-12,-2,0,320,10,80,20,800,400,20,12,30
638,318,-12,-2,0,320,10,80,20,800,400,20,12,30
626,316,-12,-2,0,320,10,80,20,800,400,20,12,30
614,314,-12,-2,0,320,10,80,20,800,400,20,12,30
602,312,-12,-2,0,320,10,80,20,800,400,20,12,30
590,310,-12,-2,0,320,10,80,20,800,400,20,12,30
578,308,-12,-2,0,320,10,80,20,800,400,20,12,30
566,306,-12,-2,-1,320,10,80,20,800,400,20,12,30
554,304,-12,-2,0,300,10,80,20,800,400,20,12,30
542,302,-12,-2,0,300,10,80,20,800,400,20,12,30
530,300,-12,-2,0,300,10,80,20,800,400,20,12,30
518,298,-12,-2,0,300,10,80,20,800,400,20,12,30
506,296,-12,-2,0,300,10,80,20,800,400,20,12,30
494,294,-12,-2,0,300,10,80,20,800,400,20,12,30
482,292,-12,-2,-1,300,10,80,20,800,400,20,12,30
470,290,-12,-2,0,280,10,80,20,800,400,20,12,30
458,288,-12,-2,0,280,10,80,20,800,400,20,12,30
446,286,-12,-2,0,280,10,80,20,800,400,20,12,30
434,284,-12,-2,0,280,10,80,20,800,400,20,12,30
422,282,-12,-2,-1,280,10,80,20,800,400,20,12,30
410,280,-12,-2,0,260,10,80,20,800,400,20,12,30
398,278,-12,-2,0,260,10,80,20,800,400,20,12,30
386,276,-12,-2,0,260,10,80,20,800,400,20,12,30
374,274,-12,-2,0,260,10,80,20,800,400,20,12,30
362,272,-12,-2,0,260,10,80,20,800,400,20,12,30
350,270,-12,-2,-1,260,10,80,20,800,400,20,12,30
338,268,-12,-2,0,240,10,80,20,800,400,20,12,30
326,266,-12,-2,0,240,10,80,20,800,400,20,12,30
314,264,-12,-2,0,240,10,80,20,800,400,20,12,30
302,262,-12,-2,0,240,10,80,20,800,400,20,12,30
290,260,-12,-2,0,240,10,80,20,800,400,20,12,30
278,258,-12,-2,0,240,10,80,20,800,400,20,12,30
266,256,-12,-2,0,240,10,80,20,800,400,20,12,30
254,254,-12,-2,-1,240,10,80,20,800,400,20,12,30
242,252,-12,-2,0,220,10,80,20,800,400,20,12,30
230,250,-12,-2,0,220,10,80,20,800,400,20,12,30
218,248,-12,-2,0,220,10,80,20,800,400,20,12,30
206,246,-12,-2,0,220,10,80,20,800,400,20,12,30
194,244,-12,-2,0,220,10,80,20,800,400,20,12,30
182,242,-12,-2,0,220,10,80,20,800,400,20,12,30
170,240,-12,-2,-1,220,10,80,20,800,400,20,12,30
158,238,-12,-2,0,200,10,80,20,800,400,20,12,30
146,236,-12,-2,0,200,10,80,20,800,400,20,12,30
134,234,-12,-2,0,200,10,80,20,800,400,20,12,30
122,232,-12,-2,0,200,10,80,20,800,400,20,12,30
110,230,-12,-2,0,200,10,80,20,800,400,20,12,30
98,228,-12,-2,0,200,10,80,20,800,400,20,12,30
86,226,-12,-2,0,200,10,80,20,800,400,20,12,30
74,224,-12,-2,0,200,10,80,20,800,400,20,12,30
62,222,-12,-2,0,200,10,80,20,800,400,20,12,30
50,220,-12,-2,0,200,10,80,20,800,400,20,12,30
38,218,-12,-2,0,200,10,80,20,800,400,20,12,30
50,216,12,-2,0,200,10,80,20,800,400,20,12,30
62,214,12,-2,0,200,10,80,20,800,400,20,12,30
74,212,12,-2,0,200,10,80,20,800,400,20,12,30
86,210,12,-2,0,200,10,80,20,800,400,20,12,30
98,208,12,-2,0,200,10,80,20,800,400,20,12,30
110,206,12,-2,0,200,10,80,20,800,400,20,12,30
122,204,12,-2,0,200,10,80,20,800,400,20,12,30
134,202,12,-2,0,200,10,80,20,800,400,20,12,30
146,200,12,-2,0,200,10,80,20,800,400,20,12,30
158,198,12,-2,0,200,10,80,20,800,400,20,12,30
170,196,12,-2,0,200,10,80,20,800,400,20,12,30
182,194,12,-2,-1,200,10,80,20,800,400,20,12,30
194,192,12,-2,0,180,10,80,20,800,400,20,12,30
206,190,12,-2,0,180,10,80,20,800,400,20,12,30
218,188,12,-2,0,180,10,80,20,800,400,20,12,30
230,186,12,-2,0,180,10,80,20,800,400,20,12,30
242,184,12,-2,0,180,10,80,20,800,400,20,12,30
254,182,12,-2,0,180,10,80,20,800,400,20,12,30
266,180,12,-2,-1,180,10,80,20,800,400,20,12,30
278,178,12,-2,0,160,10,80,20,800,400,20,12,30
290,176,12,-2,0,160,10,80,20,800,400,20,12,30
302,174,12,-2,0,160,10,80,20,800,400,20,12,30
314,172,12,-2,0,160,10,80,20,800,400,20,12,30
326,170,12,-2,0,160,10,80,20,800,400,20,12,30
338,168,12,-2,0,160,10,80,20,800,400,20,12,30
350,166,12,-2,0,160,10,80,20,800,400,20,12,30
362,164,12,-2,0,160,10,80,20,800,400,20,12,30
374,162,12,-2,0,160,10,80,20,800,400,20,12,30
386,160,12,-2,-1,160,10,80,20,800,400,20,12,30
398,158,12,-2,0,140,10,80,20,800,400,20,12,30
410,156,12,-2,0,140,10,80,20,800,400,20,12,30
422,154,12,-2,0,140,10,80,20,800,400,20,12,30
434,152,12,-2,0,140,10,80,20,800,400,20,12,30
446,150,12,-2,0,140,10,80,20,800,400,20,12,30
458,148,12,-2,0,140,10,80,20,800,400,20,12,30
470,146,12,-2,0,140,10,80,20,800,400,20,12,30
482,144,12,-2,0,140,10,80,20,800,400,20,12,30
494,142,12,-2,0,140,10,80,20,800,400,20,12,30
506,140,12,-2,0,140,10,80,20,800,400,20,12,30
518,138,12,-2,0,140,10,80,20,800,400,20,12,30
530,136,12,-2,0,140,10,80,20,800,400,20,12,30
542,134,12,-2,0,140,10,80,20,800,400,20,12,30
554,132,12,-2,0,140,10,80,20,800,400,20,12,30
566,130,12,-2,0,140,10,80,20,800,400,20,12,30
578,128,12,-2,0,140,10,80,20,800,400,20,12,30
590,126,12,-2,0,140,10,80,20,800,400,20,12,30
602,124,12,-2,-1,140,10,80,20,800,400,20,12,30
614,122,12,-2,0,120,10,80,20,800,400,20,12,30
626,120,12,-2,0,120,10,80,20,800,400,20,12,30
638,118,12,-2,0,120,10,80,20,800,400,20,12,30
650,116,12,-2,0,120,10,80,20,800,400,20,12,30
662,114,12,-2,0,120,10,80,20,800,400,20,12,30
674,112,12,-2,0,120,10,80,20,800,400,20,12,30
686,110,12,-2,-1,120,10,80,20,800,400,20,12,30
698,108,12,-2,0,100,10,80,20,800,400,20,12,30
710,106,12,-2,0,100,10,80,20,800,400,20,12,30
722,104,12,-2,0,100,10,80,20,800,400,20,12,30
734,102,12,-2,0,100,10,80,20,800,400,20,12,30
746,100,12,-2,-1,100,10,80,20,800,400,20,12,30
758,98,12,-2,0,80,10,80,20,800,400,20,12,30
770,96,12,-2,0,80,10,80,20,800,400,20,12,30
758,94,-12,-2,0,80,10,80,20,800,400,20,12,30
746,92,-12,-2,0,80,10,80,20,800,400,20,12,30
734,90,-12,-2,0,80,10,80,20,800,400,20,12,30
722,88,-12,-2,0,80,10,80,20,800,400,20,12,30
710,86,-12,-2,0,80,10,80,20,800,400,20,12,30
698,84,-12,-2,0,80,10,80,20,800,400,20,12,30
686,82,-12,-2,0,80,10,80,20,800,400,20,12,30
674,80,-12,-2,0,80,10,80,20,800,400,20,12,30
662,78,-12,-2,0,80,10,80,20,800,400,20,12,30
650,76,-12,-2,0,80,10,80,20,800,400,20,12,30
638,74,-12,-2,0,80,10,80,20,800,400,20,12,30
626,72,-12,-2,0,80,10,80,20,800,400,20,12,30
614,70,-12,-2,1,80,10,80,20,800,400,20,12,30
602,68,-12,-2,0,100,10,80,20,800,400,20,12,30
590,66,-12,-2,0,100,10,80,20,800,400,20,12,30
578,64,-12,-2,0,100,10,80,20,800,400,20,12,30
566,62,-12,-2,0,100,10,80,20,800,400,20,12,30
554,60,-12,-2,0,100,10,80,20,800,400,20,12,30
542,58,-12,-2,1,100,10,80,20,800,400,20,12,30
530,56,-12,-2,0,120,10,80,20,800,400,20,12,30
518,54,-12,-2,0,120,10,80,20,800,400,20,12,30
506,52,-12,-2,0,120,10,80,20,800,400,20,12,30
494,50,-12,-2,0,120,10,80,20,800,400,20,12,30
482,48,-12,-2,0,120,10,80,20,800,400,20,12,30
470,46,-12,-2,1,120,10,80,20,800,400,20,12,30
458,44,-12,-2,0,140,10,80,20,800,400,20,12,30
446,42,-12,-2,0,140,10,80,20,800,400,20,12,30
434,40,-12,-2,0,140,10,80,20,800,400,20,12,30
422,38,-12,-2,0,140,10,80,20,800,400,20,12,30
410,36,-12,-2,0,140,10,80,20,800,400,20,12,30
398,34,-12,-2,1,140,10,80,20,800,400,20,12,30
386,32,-12,-2,0,160,10,80,20,800,400,20,12,30
374,30,-12,-2,0,160,10,80,20,800,400,20,12,30
362,32,-12,2,0,160,10,80,20,800,400,20,12,30
350,34,-12,2,0,160,10,80,20,800,400,20,12,30
338,36,-12,2,0,160,10,80,20,800,400,20,12,30
326,38,-12,2,1,160,10,80,20,800,400,20,12,30
314,40,-12,2,0,180,10,80,20,800,400,20,12,30
302,42,-12,2,0,180,10,80,20,800,400,20,12,30
290,44,-12,2,0,180,10,80,20,800,400,20,12,30
278,46,-12,2,0,180,10,80,20,800,400,20,12,30
266,48,-12,2,0,180,10,80,20,800,400,20,12,30
254,50,-12,2,0,180,10,80,20,800,400,20,12,30
242,52,-12,2,0,180,10,80,20,800,400,20,12,30
230,54,-12,2,0,180,10,80,20,800,400,20,12,30
218,56,-12,2,0,180,10,80,20,800,400,20,12,30
206,58,-12,2,0,180,10,80,20,800,400,20,12,30
194,60,-12,2,0,180,10,80,20,800,400,20,12,30
182,62,-12,2,0,180,10,80,20,800,400,20,12,30
170,64,-12,2,0,180,10,80,20,800,400,20,12,30
158,66,-12,2,0,180,10,80,20,800,400,20,12,30
146,68,-12,2,0,180,10,80,20,800,400,20,12,30
134,70,-12,2,0,180,10,80,20,800,400,20,12,30
122,72,-12,2,0,180,10,80,20,800,400,20,12,30
110,74,-12,2,0,180,10,80,20,800,400,20,12,30
98,76,-12,2,0,180,10,80,20,800,400,20,12,30
86,78,-12,2,0,180,10,80,20,800,400,20,12,30
74,80,-12,2,0,180,10,80,20,800,400,20,12,30
62,82,-12,2,0,180,10,80,20,800,400,20,12,30
50,84,-12,2,0,180,10,80,20,800,400,20,12,30
38,86,-12,2,0,180,10,80,20,800,400,20,12,30
50,88,12,2,0,180,10,80,20,800,400,20,12,30
62,90,12,2,0,180,10,80,20,800,400,20,12,30
74,92,12,2,0,180,10,80,20,800,400,20,12,30
86,94,12,2,0,180,10,80,20,800,400,20,12,30
98,96,12,2,0,180,10,80,20,800,400,20,12,30
110,98,12,2,0,180,10,80,20,800,400,20,12,30
122,100,12,2,0,180,10,80,20,800,400,20,12,30
134,102,12,2,0,180,10,80,20,800,400,20,12,30
146,104,12,2,0,180,10,80,20,800,400,20,12,30
158,106,12,2,0,180,10,80,20,800,400,20,12,30
170,108,12,2,0,180,10,80,20,800,400,20,12,30
182,110,12,2,0,180,10,80,20,800,400,20,12,30
194,112,12,2,0,180,10,80,20,800,400,20,12,30
206,114,12,2,0,180,10,80,20,800,400,20,12,30
218,116,12,2,0,180,10,80,20,800,400,20,12,30
230,118,12,2,0,180,10,80,20,800,400,20,12,30
242,120,12,2,0,180,10,80,20,800,400,20,12,30
254,122,12,2,0,180,10,80,20,800,400,20,12,30
266,124,12,2,0,180,10,80,20,800,400,20,12,30
278,126,12,2,0,180,10,80,20,800,400,20,12,30
290,128,12,2,0,180,10,80,20,800,400,20,12,30
302,130,12,2,0,180,10,80,20,800,400,20,12,30
314,132,12,2,0,180,10,80,20,800,400,20,12,30
326,134,12,2,0,180,10,80,20,800,400,20,12,30
338,136,12,2,0,180,10,80,20,800,400,20,12,30
350,138,12,2,0,180,10,80,20,800,400,20,12,30
362,140,12,2,0,180,10,80,20,800,400,20,12,30
374,142,12,2,0,180,10,80,20,800,400,20,12,30
386,144,12,2,0,180,10,80,20,800,400,20,12,30
398,146,12,2,0,180,10,80,20,800,400,20,12,30
410,148,12,2,0,180,10,80,20,800,400,20,12,30
422,150,12,2,0,180,10,80,20,800,400,20,12,30
434,152,12,2,0,180,10,80,20,800,400,20,12,30
446,154,12,2,0,180,10,80,20,800,400,20,12,30
458,156,12,2,0,180,10,80,20,800,400,20,12,30
470,158,12,2,0,180,10,80,20,800,400,20,12,30
482,160,12,2,0,180,10,80,20,800,400,20,12,30
494,162,12,2,0,180,10,80,20,800,400,20,12,30
506,164,12,2,0,180,10,80,20,800,400,20,12,30
518,166,12,2,0,180,10,80,20,800,400,20,12,30
530,168,12,2,0,180,10,80,20,800,400,20,12,30
542,170,12,2,0,180,10,80,20,800,400,20,12,30
554,172,12,2,0,180,10,80,20,800,400,20,12,30
566,174,12,2,0,180,10,80,20,800,400,20,12,30
578,176,12,2,0,180,10,80,20,800,400,20,12,30
590,178,12,2,0,180,10,80,20,800,400,20,12,30
602,180,12,2,0,180,10,80,20,800,400,20,12,30
614,182,12,2,0,180,10,80,20,800,400,20,12,30
626,184,12,2,0,180,10,80,20,800,400,20,12,30
638,186,12,2,0,180,10,80,20,800,400,20,12,30
650,188,12,2,0,180,10,80,20,800,400,20,12,30
662,190,12,2,0,180,10,80,20,800,400,20,12,30
674,192,12,2,0,180,10,80,20,800,400,20,12,30
686,194,12,2,0,180,10,80,20,800,400,20,12,30
698,196,12,2,0,180,10,80,20,800,400,20,12,30
710,198,12,2,1,180,10,80,20,800,400,20,12,30
722,200,12,2,0,200,10,80,20,800,400,20,12,30
734,202,12,2,0,200,10,80,20,800,400,20,12,30
746,204,12,2,0,200,10,80,20,800,400,20,12,30
758,206,12,2,0,200,10,80,20,800,400,20,12,30
770,208,12,2,0,200,10,80,20,800,400,20,12,30
758,210,-12,2,0,200,10,80,20,800,400,20,12,30
746,212,-12,2,0,200,10,80,20,800,400,20,12,30
734,214,-12,2,0,200,10,80,20,800,400,20,12,30
722,216,-12,2,0,200,10,80,20,800,400,20,12,30
710,218,-12,2,0,200,10,80,20,800,400,20,12,30
698,220,-12,2,1,200,10,80,20,800,400,20,12,30
686,222,-12,2,0,220,10,80,20,800,400,20,12,30
674,224,-12,2,0,220,10,80,20,800,400,20,12,30
662,226,-12,2,0,220,10,80,20,800,400,20,12,30
650,228,-12,2,0,220,10,80,20,800,400,20,12,30
638,230,-12,2,0,220,10,80,20,800,400,20,12,30
626,232,-12,2,0,220,10,80,20,800,400,20,12,30
614,234,-12,2,0,220,10,80,20,800,400,20,12,30
602,236,-12,2,0,220,10,80,20,800,400,20,12,30
590,238,-12,2,0,220,10,80,20,800,400,20,12,30
578,240,-12,2,0,220,10,80,20,800,400,20,12,30
566,242,-12,2,0,220,10,80,20,800,400,20,12,30
554,244,-12,2,0,220,10,80,20,800,400,20,12,30
542,246,-12,2,0,220,10,80,20,800,400,20,12,30
530,248,-12,2,0,220,10,80,20,800,400,20,12,30
518,250,-12,2,0,220,10,80,20,800,400,20,12,30
506,252,-12,2,0,220,10,80,20,800,400,20,12,30
494,254,-12,2,0,220,10,80,20,800,400,20,12,30
482,256,-12,2,0,220,10,80,20,800,400,20,12,30
470,258,-12,2,-1,220,10,80,20,800,400,20,12,30
458,260,-12,2,0,200,10,80,20,800,400,20,12,30
446,262,-12,2,0,200,10,80,20,800,400,20,12,30
434,264,-12,2,0,200,10,80,20,800,400,20,12,30
422,266,-12,2,0,200,10,80,20,800,400,20,12,30
410,268,-12,2,0,200,10,80,20,800,400,20,12,30
398,270,-12,2,0,200,10,80,20,800,400,20,12,30
386,272,-12,2,0,200,10,80,20,800,400,20,12,30
374,274,-12,2,0,200,10,80,20,800,400,20,12,30
362,276,-12,2,0,200,10,80,20,800,400,20,12,30
350,278,-12,2,0,200,10,80,20,800,400,20,12,30
338,280,-12,2,0,200,10,80,20,800,400,20,12,30
326,282,-12,2,0,200,10,80,20,800,400,20,12,30
314,284,-12,2,0,200,10,80,20,800,400,20,12,30
302,286,-12,2,0,200,10,80,20,800,400,20,12,30
290,288,-12,2,0,200,10,80,20,800,400,20,12,30
278,290,-12,2,0,200,10,80,20,800,400,20,12,30
266,292,-12,2,0,200,10,80,20,800,400,20,12,30
254,294,-12,2,0,200,10,80,20,800,400,20,12,30
242,296,-12,2,0,200,10,80,20,800,400,20,12,30
230,298,-12,2,0,200,10,80,20,800,400,20,12,30
218,300,-12,2,0,200,10,80,20,800,400,20,12,30
206,302,-12,2,0,200,10,80,20,800,400,20,12,30
194,304,-12,2,0,200,10,80,20,800,400,20,12,30
182,306,-12,2,0,200,10,80,20,800,400,20,12,30
170,308,-12,2,0,200,10,80,20,800,400,20,12,30
158,310,-12,2,0,200,10,80,20,800,400,20,12,30
146,312,-12,2,0,200,10,80,20,800,400,20,12,30
134,314,-12,2,0,200,10,80,20,800,400,20,12,30
122,316,-12,2,0,200,10,80,20,800,400,20,12,30
110,318,-12,2,0,200,10,80,20,800,400,20,12,30
98,320,-12,2,0,200,10,80,20,800,400,20,12,30
86,322,-12,2,0,200,10,80,20,800,400,20,12,30
74,324,-12,2,0,200,10,80,20,800,400,20,12,30
62,326,-12,2,0,200,10,80,20,800,400,20,12,30
50,328,-12,2,0,200,10,80,20,800,400,20,12,30
38,330,-12,2,0,200,10,80,20,800,400,20,12,30
50,332,12,2,0,200,10,80,20,800,400,20,12,30
62,334,12,2,0,200,10,80,20,800,400,20,12,30
74,336,12,2,0,200,10,80,20,800,400,20,12,30
86,338,12,2,0,200,10,80,20,800,400,20,12,30
98,340,12,2,0,200,10,80,20,800,400,20,12,30
110,342,12,2,0,200,10,80,20,800,400,20,12,30
122,344,12,2,0,200,10,80,20,800,400,20,12,30
134,346,12,2,0,200,10,80,20,800,400,20,12,30
146,348,12,2,0,200,10,80,20,800,400,20,12,30
158,350,12,2,0,200,10,80,20,800,400,20,12,30
170,352,12,2,0,200,10,80,20,800,400,20,12,30
182,354,12,2,0,200,10,80,20,800,400,20,12,30
194,356,12,2,0,200,10,80,20,800,400,20,12,30
206,358,12,2,0,200,10,80,20,800,400,20,12,30
218,360,12,2,0,200,10,80,20,800,400,20,12,30
230,362,12,2,0,200,10,80,20,800,400,20,12,30
242,364,12,2,0,200,10,80,20,800,400,20,12,30
254,366,12,2,0,200,10,80,20,800,400,20,12,30
266,368,12,2,0,200,10,80,20,800,400,20,12,30
278,370,12,2,0,200,10,80,20,800,400,20,12,30
290,368,12,-2,0,200,10,80,20,800,400,20,12,30
302,366,12,-2,1,200,10,80,20,800,400,20,12,30
314,364,12,-2,0,220,10,80,20,800,400,20,12,30
326,362,12,-2,0,220,10,80,20,800,400,20,12,30
338,360,12,-2,0,220,10,80,20,800,400,20,12,30
350,358,12,-2,0,220,10,80,20,800,400,20,12,30
362,356,12,-2,0,220,10,80,20,800,400,20,12,30
374,354,12,-2,0,220,10,80,20,800,400,20,12,30
386,352,12,-2,0,220,10,80,20,800,400,20,12,30
398,350,12,-2,0,220,10,80,20,800,400,20,12,30
410,348,12,-2,0,220,10,80,20,800,400,20,12,30
422,346,12,-2,0,220,10,80,20,800,400,20,12,30
434,344,12,-2,0,220,10,80,20,800,400,20,12,30
446,342,12,-2,0,220,10,80,20,800,400,20,12,30
458,340,12,-2,0,220,10,80,20,800,400,20,12,30
470,338,12,-2,0,220,10,80,20,800,400,20,12,30
482,336,12,-2,0,220,10,80,20,800,400,20,12,30
494,334,12,-2,1,220,10,80,20,800,400,20,12,30
506,332,12,-2,0,240,10,80,20,800,400,20,12,30
518,330,12,-2,0,240,10,80,20,800,400,20,12,30
530,328,12,-2,0,240,10,80,20,800,400,20,12,30
542,326,12,-2,0,240,10,80,20,800,400,20,12,30
554,324,12,-2,0,240,10,80,20,800,400,20,12,30
566,322,12,-2,1,240,10,80,20,800,400,20,12,30
578,320,12,-2,0,260,10,80,20,800,400,20,12,30
590,318,12,-2,0,260,10,80,20,800,400,20,12,30
602,316,12,-2,0,260,10,80,20,800,400,20,12,30
614,314,12,-2,0,260,10,80,20,800,400,20,12,30
626,312,12,-2,0,260,10,80,20,800,400,20,12,30
638,310,12,-2,0,260,10,80,20,800,400,20,12,30
650,308,12,-2,0,260,10,80,20,800,400,20,12,30
662,306,12,-2,0,260,10,80,20,800,400,20,12,30
674,304,12,-2,0,260,10,80,20,800,400,20,12,30
686,302,12,-2,0,260,10,80,20,800,400,20,12,30
698,300,12,-2,0,260,10,80,20,800,400,20,12,30
710,298,12,-2,0,260,10,80,20,800,400,20,12,30
722,296,12,-2,0,260,10,80,20,800,400,20,12,30
734,294,12,-2,0,260,10,80,20,800,400,20,12,30
746,292,12,-2,0,260,10,80,20,800,400,20,12,30
758,290,12,-2,1,260,10,80,20,800,400,20,12,30
770,288,12,-2,0,280,10,80,20,800,400,20,12,30
758,286,-12,-2,0,280,10,80,20,800,400,20,12,30
746,284,-12,-2,0,280,10,80,20,800,400,20,12,30
734,282,-12,-2,0,280,10,80,20,800,400,20,12,30
722,280,-12,-2,0,280,10,80,20,800,400,20,12,30
710,278,-12,-2,0,280,10,80,20,800,400,20,12,30
698,276,-12,-2,0,280,10,80,20,800,400,20,12,30
686,274,-12,-2,0,280,10,80,20,800,400,20,12,30
674,272,-12,-2,0,280,10,80,20,800,400,20,12,30
662,270,-12,-2,0,280,10,80,20,800,400,20,12,30
650,268,-12,-2,0,280,10,80,20,800,400,20,12,30
638,266,-12,-2,0,280,10,80,20,800,400,20,12,30
626,264,-12,-2,0,280,10,80,20,800,400,20,12,30
614,262,-12,-2,0,280,10,80,20,800,400,20,12,30
602,260,-12,-2,0,280,10,80,20,800,400,20,12,30
590,258,-12,-2,0,280,10,80,20,800,400,20,12,30
578,256,-12,-2,0,280,10,80,20,800,400,20,12,30
566,254,-12,-2,0,280,10,80,20,800,400,20,12,30
554,252,-12,-2,0,280,10,80,20,800,400,20,12,30
542,250,-12,-2,0,280,10,80,20,800,400,20,12,30
530,248,-12,-2,0,280,10,80,20,800,400,20,12,30
518,246,-12,-2,-1,280,10,80,20,800,400,20,12,30
506,244,-12,-2,0,260,10,80,20,800,400,20,12,30
494,242,-12,-2,0,260,10,80,20,800,400,20,12,30
482,240,-12,-2,0,260,10,80,20,800,400,20,12,30
470,238,-12,-2,0,260,10,80,20,800,400,20,12,30
458,236,-12,-2,0,260,10,80,20,800,400,20,12,30
446,234,-12,-2,0,260,10,80,20,800,400,20,12,30
434,232,-12,-2,-1,260,10,80,20,800,400,20,12,30
422,230,-12,-2,0,240,10,80,20,800,400,20,12,30
410,228,-12,-2,0,240,10,80,20,800,400,20,12,30
398,226,-12,-2,0,240,10,80,20,800,400,20,12,30
386,224,-12,-2,0,240,10,80,20,800,400,20,12,30
374,222,-12,-2,0,240,10,80,20,800,400,20,12,30
362,220,-12,-2,0,240,10,80,20,800,400,20,12,30
350,218,-12,-2,0,240,10,80,20,800,400,20,12,30
338,216,-12,-2,0,240,10,80,20,800,400,20,12,30
326,214,-12,-2,0,240,10,80,20,800,400,20,12,30
314,212,-12,-2,0,240,10,80,20,800,400,20,12,30
302,210,-12,-2,0,240,10,80,20,800,400,20,12,30
290,208,-12,-2,0,240,10,80,20,800,400,20,12,30
278,206,-12,-2,0,240,10,80,20,800,400,20,12,30
266,204,-12,-2,0,240,10,80,20,800,400,20,12,30
254,202,-12,-2,0,240,10,80,20,800,400,20,12,30
242,200,-12,-2,0,240,10,80,20,800,400,20,12,30
230,198,-12,-2,0,240,10,80,20,800,400,20,12,30
218,196,-12,-2,0,240,10,80,20,800,400,20,12,30
206,194,-12,-2,0,240,10,80,20,800,400,20,12,30
194,192,-12,-2,0,240,10,80,20,800,400,20,12,30
182,190,-12,-2,0,240,10,80,20,800,400,20,12,30
170,188,-12,-2,0,240,10,80,20,800,400,20,12,30
158,186,-12,-2,0,240,10,80,20,800,400,20,12,30
146,184,-12,-2,0,240,10,80,20,800,400,20,12,30
134,182,-12,-2,0,240,10,80,20,800,400,20,12,30
122,180,-12,-2,0,240,10,80,20,800,400,20,12,30
110,178,-12,-2,0,240,10,80,20,800,400,20,12,30
98,176,-12,-2,0,240,10,80,20,800,400,20,12,30
86,174,-12,-2,0,240,10,80,20,800,400,20,12,30
74,172,-12,-2,0,240,10,80,20,800,400,20,12,30
62,170,-12,-2,0,240,10,80,20,800,400,20,12,30
50,168,-12,-2,0,240,10,80,20,800,400,20,12,30
38,166,-12,-2,0,240,10,80,20,800,400,20,12,30
50,164,12,-2,0,240,10,80,20,800,400,20,12,30
62,162,12,-2,0,240,10,80,20,800,400,20,12,30
74,160,12,-2,0,240,10,80,20,800,400,20,12,30
86,158,12,-2,0,240,10,80,20,800,400,20,12,30
98,156,12,-2,0,240,10,80,20,800,400,20,12,30
110,154,12,-2,0,240,10,80,20,800,400,20,12,30
122,152,12,-2,0,240,10,80,20,800,400,20,12,30
134,150,12,-2,0,240,10,80,20,800,400,20,12,30
146,148,12,-2,0,240,10,80,20,800,400,20,12,30
158,146,12,-2,0,240,10,80,20,800,400,20,12,30
170,144,12,-2,0,240,10,80,20,800,400,20,12,30
182,142,12,-2,0,240,10,80,20,800,400,20,12,30
194,140,12,-2,0,240,10,80,20,800,400,20,12,30
206,138,12,-2,0,240,10,80,20,800,400,20,12,30
218,136,12,-2,0,240,10,80,20,800,400,20,12,30
230,134,12,-2,0,240,10,80,20,800,400,20,12,30
242,132,12,-2,0,240,10,80,20,800,400,20,12,30
254,130,12,-2,0,240,10,80,20,800,400,20,12,30
266,128,12,-2,0,240,10,80,20,800,400,20,12,30
278,126,12,-2,0,240,10,80,20,800,400,20,12,30
290,124,12,-2,0,240,10,80,20,800,400,20,12,30
302,122,12,-2,0,240,10,80,20,800,400,20,12,30
314,120,12,-2,0,240,10,80,20,800,400,20,12,30
326,118,12,-2,-1,240,10,80,20,800,400,20,12,30
338,116,12,-2,0,220,10,80,20,800,400,20,12,30
350,114,12,-2,0,220,10,80,20,800,400,20,12,30
362,112,12,-2,0,220,10,80,20,800,400,20,12,30
374,110,12,-2,0,220,10,80,20,800,400,20,12,30
386,108,12,-2,-1,220,10,80,20,800,400,20,12,30
398,106,12,-2,0,200,10,80,20,800,400,20,12,30
410,104,12,-2,0,200,10,80,20,800,400,20,12,30
422,102,12,-2,0,200,10,80,20,800,400,20,12,30
434,100,12,-2,0,200,10,80,20,800,400,20,12,30
446,98,12,-2,-1,200,10,80,20,800,400,20,12,30
458,96,12,-2,0,180,10,80,20,800,400,20,12,30
470,94,12,-2,0,180,10,80,20,800,400,20,12,30
482,92,12,-2,0,180,10,80,20,800,400,20,12,30
494,90,12,-2,0,180,10,80,20,800,400,20,12,30
506,88,12,-2,0,180,10,80,20,800,400,20,12,30
518,86,12,-2,-1,180,10,80,20,800,400,20,12,30
530,84,12,-2,0,160,10,80,20,800,400,20,12,30
542,82,12,-2,0,160,10,80,20,800,400,20,12,30
554,80,12,-2,0,160,10,80,20,800,400,20,12,30
566,78,12,-2,0,160,10,80,20,800,400,20,12,30
578,76,12,-2,-1,160,10,80,20,800,400,20,12,30
590,74,12,-2,0,140,10,80,20,800,400,20,12,30
602,72,12,-2,0,140,10,80,20,800,400,20,12,30
614,70,12,-2,0,140,10,80,20,800,400,20,12,30
626,68,12,-2,0,140,10,80,20,800,400,20,12,30
638,66,12,-2,-1,140,10,80,20,800,400,20,12,30
650,64,12,-2,0,120,10,80,20,800,400,20,12,30
662,62,12,-2,0,120,10,80,20,800,400,20,12,30
674,60,12,-2,0,120,10,80,20,800,400,20,12,30
686,58,12,-2,0,120,10,80,20,800,400,20,12,30
698,56,12,-2,-1,120,10,80,20,800,400,20,12,30
710,54,12,-2,0,100,10,80,20,800,400,20,12,30
722,52,12,-2,0,100,10,80,20,800,400,20,12,30
734,50,12,-2,0,100,10,80,20,800,400,20,12,30
746,48,12,-2,0,100,10,80,20,800,400,20,12,30
758,46,12,-2,-1,100,10,80,20,800,400,20,12,30
770,44,12,-2,0,80,10,80,20,800,400,20,12,30
758,42,-12,-2,0,80,10,80,20,800,400,20,12,30
746,40,-12,-2,0,80,10,80,20,800,400,20,12,30
734,38,-12,-2,0,80,10,80,20,800,400,20,12,30
722,36,-12,-2,-1,80,10,80,20,800,400,20,12,30
710,34,-12,-2,0,60,10,80,20,800,400,20,12,30
698,32,-12,-2,0,60,10,80,20,800,400,20,12,30
686,30,-12,-2,0,60,10,80,20,800,400,20,12,30
674,32,-12,2,0,60,10,80,20,800,400,20,12,30
662,34,-12,2,0,60,10,80,20,800,400,20,12,30
650,36,-12,2,0,60,10,80,20,800,400,20,12,30
638,38,-12,2,0,60,10,80,20,800,400,20,12,30
626,40,-12,2,0,60,10,80,20,800,400,20,12,30
614,42,-12,2,0,60,10,80,20,800,400,20,12,30
602,44,-12,2,0,60,10,80,20,800,400,20,12,30
590,46,-12,2,0,60,10,80,20,800,400,20,12,30
578,48,-12,2,0,60,10,80,20,800,400,20,12,30
566,50,-12,2,0,60,10,80,20,800,400,20,12,30
554,52,-12,2,0,60,10,80,20,800,400,20,12,30
542,54,-12,2,1,60,10,80,20,800,400,20,12,30
530,56,-12,2,0,80,10,80,20,800,400,20,12,30
518,58,-12,2,0,80,10,80,20,800,400,20,12,30
506,60,-12,2,0,80,10,80,20,800,400,20,12,30
494,62,-12,2,0,80,10,80,20,800,400,20,12,30
482,64,-12,2,0,80,10,80,20,800,400,20,12,30
470,66,-12,2,1,80,10,80,20,800,400,20,12,30
458,68,-12,2,0,100,10,80,20,800,400,20,12,30
446,70,-12,2,0,100,10,80,20,800,400,20,12,30
434,72,-12,2,0,100,10,80,20,800,400,20,12,30
422,74,-12,2,0,100,10,80,20,800,400,20,12,30
410,76,-12,2,1,100,10,80,20,800,400,20,12,30
398,78,-12,2,0,120,10,80,20,800,400,20,12,30
386,80,-12,2,0,120,10,80,20,800,400,20,12,30
374,82,-12,2,0,120,10,80,20,800,400,20,12,30
362,84,-12,2,0,120,10,80,20,800,400,20,12,30
350,86,-12,2,1,120,10,80,20,800,400,20,12,30
338,88,-12,2,0,140,10,80,20,800,400,20,12,30
326,90,-12,2,0,140,10,80,20,800,400,20,12,30
314,92,-12,2,0,140,10,80,20,800,400,20,12,30
302,94,-12,2,0,140,10,80,20,800,400,20,12,30
290,96,-12,2,0,140,10,80,20,800,400,20,12,30
278,98,-12,2,1,140,10,80,20,800,400,20,12,30
266,100,-12,2,0,160,10,80,20,800,400,20,12,30
254,102,-12,2,0,160,10,80,20,800,400,20,12,30
242,104,-12,2,0,160,10,80,20,800,400,20,12,30
230,106,-12,2,0,160,10,80,20,800,400,20,12,30
218,108,-12,2,0,160,10,80,20,800,400,20,12,30
206,110,-12,2,0,160,10,80,20,800,400,20,12,30
194,112,-12,2,0,160,10,80,20,800,400,20,12,30
182,114,-12,2,0,160,10,80,20,800,400,20,12,30
170,116,-12,2,0,160,10,80,20,800,400,20,12,30
158,118,-12,2,0,160,10,80,20,800,400,20,12,30
146,120,-12,2,0,160,10,80,20,800,400,20,12,30
134,122,-12,2,0,160,10,80,20,800,400,20,12,30
122,124,-12,2,0,160,10,80,20,800,400,20,12,30
110,126,-12,2,0,160,10,80,20,800,400,20,12,30
98,128,-12,2,0,160,10,80,20,800,400,20,12,30
86,130,-12,2,1,160,10,80,20,800,400,20,12,30
74,132,-12,2,0,180,10,80,20,800,400,20,12,30
62,134,-12,2,0,180,10,80,20,800,400,20,12,30
50,136,-12,2,0,180,10,80,20,800,400,20,12,30
38,138,-12,2,0,180,10,80,20,800,400,20,12,30
50,140,12,2,0,180,10,80,20,800,400,20,12,30
62,142,12,2,0,180,10,80,20,800,400,20,12,30
74,144,12,2,0,180,10,80,20,800,400,20,12,30
86,146,12,2,0,180,10,80,20,800,400,20,12,30
98,148,12,2,0,180,10,80,20,800,400,20,12,30
110,150,12,2,0,180,10,80,20,800,400,20,12,30
122,152,12,2,0,180,10,80,20,800,400,20,12,30
134,154,12,2,0,180,10,80,20,800,400,20,12,30
146,156,12,2,0,180,10,80,20,800,400,20,12,30
158,158,12,2,0,180,10,80,20,800,400,20,12,30
170,160,12,2,0,180,10,80,20,800,400,20,12,30
182,162,12,2,0,180,10,80,20,800,400,20,12,30
194,164,12,2,0,180,10,80,20,800,400,20,12,30
206,166,12,2,0,180,10,80,20,800,400,20,12,30
218,168,12,2,0,180,10,80,20,800,400,20,12,30
230,170,12,2,1,180,10,80,20,800,400,20,12,30
242,172,12,2,0,200,10,80,20,800,400,20,12,30
254,174,12,2,0,200,10,80,20,800,400,20,12,30
266,176,12,2,0,200,10,80,20,800,400,20,12,30
278,178,12,2,0,200,10,80,20,800,400,20,12,30
290,180,12,2,1,200,10,80,20,800,400,20,12,30
302,182,12,2,0,220,10,80,20,800,400,20,12,30
314,184,12,2,0,220,10,80,20,800,400,20,12,30
326,186,12,2,0,220,10,80,20,800,400,20,12,30
338,188,12,2,0,220,10,80,20,800,400,20,12,30
350,190,12,2,0,220,10,80,20,800,400,20,12,30
362,192,12,2,0,220,10,80,20,800,400,20,12,30
374,194,12,2,0,220,10,80,20,800,400,20,12,30
386,196,12,2,0,220,10,80,20,800,400,20,12,30
398,198,12,2,0,220,10,80,20,800,400,20,12,30
410,200,12,2,0,220,10,80,20,800,400,20,12,30
422,202,12,2,0,220,10,80,20,800,400,20,12,30
434,204,12,2,0,220,10,80,20,800,400,20,12,30
446,206,12,2,0,220,10,80,20,800,400,20,12,30
458,208,12,2,0,220,10,80,20,800,400,20,12,30
470,210,12,2,0,220,10,80,20,800,400,20,12,30
482,212,12,2,1,220,10,80,20,800,400,20,12,30
494,214,12,2,0,240,10,80,20,800,400,20,12,30
506,216,12,2,0,240,10,80,20,800,400,20,12,30
518,218,12,2,0,240,10,80,20,800,400,20,12,30
530,220,12,2,0,240,10,80,20,800,400,20,12,30
542,222,12,2,0,240,10,80,20,800,400,20,12,30
554,224,12,2,0,240,10,80,20,800,400,20,12,30
566,226,12,2,0,240,10,80,20,800,400,20,12,30
578,228,12,2,0,240,10,80,20,800,400,20,12,30
590,230,12,2,1,240,10,80,20,800,400,20,12,30
602,232,12,2,0,260,10,80,20,800,400,20,12,30
614,234,12,2,0,260,10,80,20,800,400,20,12,30
626,236,12,2,0,260,10,80,20,800,400,20,12,30
638,238,12,2,0,260,10,80,20,800,400,20,12,30
650,240,12,2,0,260,10,80,20,800,400,20,12,30
662,242,12,2,0,260,10,80,20,800,400,20,12,30
674,244,12,2,0,260,10,80,20,800,400,20,12,30
686,246,12,2,0,260,10,80,20,800,400,20,12,30
698,248,12,2,0,260,10,80,20,800,400,20,12,30
710,250,12,2,0,260,10,80,20,800,400,20,12,30
722,252,12,2,0,260,10,80,20,800,400,20,12,30
734,254,12,2,0,260,10,80,20,800,400,20,12,30
746,256,12,2,0,260,10,80,20,800,400,20,12,30
758,258,12,2,0,260,10,80,20,800,400,20,12,30
770,260,12,2,0,260,10,80,20,800,400,20,12,30
758,262,-12,2,0,260,10,80,20,800,400,20,12,30
746,264,-12,2,0,260,10,80,20,800,400,20,12,30
734,266,-12,2,0,260,10,80,20,800,400,20,12,30
722,268,-12,2,0,260,10,80,20,800,400,20,12,30
710,270,-12,2,0,260,10,80,20,800,400,20,12,30
698,272,-12,2,0,260,10,80,20,800,400,20,12,30
686,274,-12,2,0,260,10,80,20,800,400,20,12,30
674,276,-12,2,0,260,10,80,20,800,400,20,12,30
662,278,-12,2,0,260,10,80,20,800,400,20,12,30
650,280,-12,2,0,260,10,80,20,800,400,20,12,30
638,282,-12,2,0,260,10,80,20,800,400,20,12,30
626,284,-12,2,0,260,10,80,20,800,400,20,12,30
614,286,-12,2,-1,260,10,80,20,800,400,20,12,30
602,288,-12,2,0,240,10,80,20,800,400,20,12,30
590,290,-12,2,0,240,10,80,20,800,400,20,12,30
578,292,-12,2,0,240,10,80,20,800,400,20,12,30
566,294,-12,2,0,240,10,80,20,800,400,20,12,30
554,296,-12,2,0,240,10,80,20,800,400,20,12,30
542,298,-12,2,0,240,10,80,20,800,400,20,12,30
530,300,-12,2,0,240,10,80,20,800,400,20,12,30
518,302,-12,2,0,240,10,80,20,800,400,20,12,30
506,304,-12,2,0,240,10,80,20,800,400,20,12,30
494,306,-12,2,0,240,10,80,20,800,400,20,12,30
482,308,-12,2,-1,240,10,80,20,800,400,20,12,30
470,310,-12,2,0,220,10,80,20,800,400,20,12,30
458,312,-12,2,0,220,10,80,20,800,400,20,12,30
446,314,-12,2,0,220,10,80,20,800,400,20,12,30
434,316,-12,2,0,220,10,80,20,800,400,20,12,30
422,318,-12,2,0,220,10,80,20,800,400,20,12,30
410,320,-12,2,0,220,10,80,20,800,400,20,12,30
398,322,-12,2,0,220,10,80,20,800,400,20,12,30
386,324,-12,2,0,220,10,80,20,800,400,20,12,30
374,326,-12,2,0,220,10,80,20,800,400,20,12,30
362,328,-12,2,0,220,10,80,20,800,400,20,12,30
350,330,-12,2,0,220,10,80,20,800,400,20,12,30
338,332,-12,2,0,220,10,80,20,800,400,20,12,30
326,334,-12,2,0,220,10,80,20,800,400,20,12,30
314,336,-12,2,0,220,10,80,20,800,400,20,12,30
302,338,-12,2,0,220,10,80,20,800,400,20,12,30
290,340,-12,2,0,220,10,80,20,800,400,20,12,30
278,342,-12,2,0,220,10,80,20,800,400,20,12,30
266,344,-12,2,0,220,10,80,20,800,400,20,12,30
254,346,-12,2,0,220,10,80,20,800,400,20,12,30
242,348,-12,2,0,220,10,80,20,800,400,20,12,30
230,350,-12,2,0,220,10,80,20,800,400,20,12,30
218,352,-12,2,0,220,10,80,20,800,400,20,12,30
206,354,-12,2,0,220,10,80,20,800,400,20,12,30
194,356,-12,2,0,220,10,80,20,800,400,20,12,30
182,358,-12,2,0,220,10,80,20,800,400,20,12,30
170,360,-12,2,0,220,10,80,20,800,400,20,12,30
158,362,-12,2,0,220,10,80,20,800,400,20,12,30
146,364,-12,2,0,220,10,80,20,800,400,20,12,30
134,366,-12,2,0,220,10,80,20,800,400,20,12,30
122,368,-12,2,0,220,10,80,20,800,400,20,12,30
110,370,-12,2,0,220,10,80,20,800,400,20,12,30
98,368,-12,-2,0,220,10,80,20,800,400,20,12,30
86,366,-12,-2,0,220,10,80,20,800,400,20,12,30
74,364,-12,-2,0,220,10,80,20,800,400,20,12,30
62,362,-12,-2,0,220,10,80,20,800,400,20,12,30
50,360,-12,-2,0,220,10,80,20,800,400,20,12,30
38,358,-12,-2,0,220,10,80,20,800,400,20,12,30
50,356,12,-2,0,220,10,80,20,800,400,20,12,30
62,354,12,-2,0,220,10,80,20,800,400,20,12,30
74,352,12,-2,0,220,10,80,20,800,400,20,12,30
86,350,12,-2,0,220,10,80,20,800,400,20,12,30
98,348,12,-2,0,220,10,80,20,800,400,20,12,30
